reaction	dGr	dGrSD
"r_0003"	15.5153	5.1961
"r_0005"	0	0
"r_0007"	0	0
"r_0008"	-9.6196	1.3317
"r_0012"	-60.9244	7.9604
"r_0013"	-193.0782	25.6815
"r_0014"	-4.9646	122474.4873
"r_0015"	-7.2287	70710.6784
"r_0016"	-22.0456	8.1187
"r_0017"	-10.6397	5.1265
"r_0018"	0.71654	4.2426
"r_0019"	-20.2938	5.9999
"r_0020"	-20.2938	5.9999
"r_0021"	-69.8781	3.1838
"r_0022"	-47.0468	100000.0003
"r_0023"	-299.631	6.9358
"r_0024"	18.8488	4.8989
"r_0025"	-9.3806	5.7671
"r_0026"	-32.2544	7.0281
"r_0027"	-32.2544	7.0281
"r_0028"	14.5743	2.5319
"r_0029"	2.7039	2.1948
"r_0030"	-39.8395	6.2921
"r_0031"	-16.4304	7.254
"r_0032"	-16.4304	7.254
"r_0033"	-18.2821	7.9384
"r_0034"	-10.8694	3.5843
"r_0035"	-41.784	4.545
"r_0036"	-39.1317	5.2732
"r_0037"	-41.84	6.6252
"r_0038"	-38.4454	5.7152
"r_0039"	-37.903	5.6483
"r_0040"	-82.5929	5.0722
"r_0041"	-73.755	7.3749
"r_0042"	-5.2902	3
"r_0043"	-119.1981	5.8111
"r_0044"	-19.8043	8.5727
"r_0045"	-69.8781	3.1838
"r_0047"	-13.5848	6.2194
"r_0048"	-57.1693	2.6698
"r_0049"	1.3961	1.7623
"r_0050"	1.3961	1.7623
"r_0051"	-1.6822	1.7623
"r_0052"	1.3961	1.7623
"r_0053"	1.3961	1.7623
"r_0054"	1.3961	1.7623
"r_0055"	-19.485	4.4032
"r_0056"	-19.485	4.4032
"r_0057"	19.175	4.4032
"r_0058"	-19.485	4.4032
"r_0059"	-19.485	4.4032
"r_0060"	-19.485	4.4032
"r_0061"	-248.2995	8.132
"r_0062"	65.4632	100000.0002
"r_0063"	2.5665	2.1775
"r_0064"	19.5548	4.4032
"r_0065"	-11.7707	6.0904
"r_0066"	5.3389	6.1097
"r_0067"	-11.7706	6.0904
"r_0068"	-13.5307	2.7259
"r_0069"	-23.5482	2.8831
"r_0070"	-16.1977	4.4214
"r_0071"	-131.7101	9.6395
"r_0072"	-129.0632	8.4321
"r_0073"	6.1207	2.1213
"r_0074"	-13.6259	1.4645
"r_0075"	-24.2191	4.6518
"r_0076"	-13.9707	4.938
"r_0077"	1.3957	1.7623
"r_0078"	-12.6382	7.0542
"r_0079"	-28.8296	8.6199
"r_0080"	-27.4375	8.6199
"r_0081"	11.398	4.2426
"r_0082"	-14.7588	2.0421
"r_0083"	-9.1479	3.5982
"r_0084"	-17.8582	3.4236
"r_0085"	-15.2407	3.0148
"r_0086"	-13.604	3.0148
"r_0087"	-10.9672	3.9271
"r_0088"	-13.8444	1.4645
"r_0089"	-6.0504	4.8801
"r_0090"	-6.1624	2.6932
"r_0091"	-14.6171	5.6137
"r_0092"	-10.0808	2.8585
"r_0093"	-40.4675	10.4277
"r_0094"	19.6344	7.2173
"r_0095"	-28.8296	8.6199
"r_0096"	2.1787	4.5023
"r_0097"	-63.0014	5.4598
"r_0098"	-63.0014	5.4598
"r_0099"	-69.7513	6.9462
"r_0100"	-33.8993	4.6734
"r_0101"	-43.2142	1.5516
"r_0102"	-7.6422	3.107
"r_0103"	-27.4375	8.6199
"r_0104"	-27.4375	8.6199
"r_0105"	5.3039	5.4663
"r_0106"	-21.2005	4.8754
"r_0107"	-28.8296	8.6199
"r_0108"	-27.4375	8.6199
"r_0109"	20.9874	17.7297
"r_0110"	-10.3753	4.1481
"r_0111"	-20.4292	4.415
"r_0112"	-31.39	6.6778
"r_0115"	-34.6697	2.6256
"r_0116"	-21.4021	200000.0001
"r_0117"	-31.5548	1.7464
"r_0118"	26.8437	1.2472
"r_0119"	26.8437	1.2472
"r_0120"	-31.5548	1.7464
"r_0121"	-31.5548	1.7464
"r_0122"	-31.5548	1.7464
"r_0123"	-5.7177	5.6099
"r_0124"	-5.7177	5.6099
"r_0125"	30.2388	4.3087
"r_0126"	-30.2388	4.3087
"r_0127"	-4.7493	0.58546
"r_0128"	-4.7493	0.58546
"r_0129"	-4.7493	0.58546
"r_0130"	30.8762	3.7564
"r_0131"	-31.8183	2.5777
"r_0132"	-0.0012613	0
"r_0133"	16.7371	4.2178
"r_0134"	-34.2452	9.2002
"r_0135"	-68.541	6.1523
"r_0136"	-68.541	6.1523
"r_0137"	-68.6816	6.1523
"r_0138"	-65.4261	6.543
"r_0139"	-68.541	6.1523
"r_0140"	-68.541	6.1523
"r_0141"	-1.213	2.7699
"r_0142"	-1.213	2.7699
"r_0143"	-1.213	2.7699
"r_0144"	-1.213	2.7699
"r_0145"	-1.213	5.1463
"r_0153"	-16.2653	6.5856
"r_0154"	-17.3822	1.9339
"r_0155"	-16.6979	6.2811
"r_0156"	-4.4682	2.5296
"r_0157"	-11.8921	4.7186
"r_0158"	-25.2943	6.7743
"r_0159"	34.7382	4.2426
"r_0160"	-15.8279	6.662
"r_0161"	2.6891	2.667
"r_0162"	6.7959	1.4319
"r_0163"	-2.2902	0.23123
"r_0164"	-2.2902	0.23123
"r_0165"	0.31311	1.9319
"r_0166"	0.31311	1.9319
"r_0167"	-6.2928	2.1152
"r_0168"	-6.2928	2.1152
"r_0169"	19.7959	6.2406
"r_0170"	8.4397	9.0292
"r_0171"	16.0703	4.9877
"r_0172"	-14.7165	8.0381
"r_0173"	-35.757	5.3691
"r_0174"	-7.9945	2.3842
"r_0176"	-2.4323	2.5624
"r_0177"	-18.0107	5.0887
"r_0178"	-2.4323	2.5624
"r_0179"	-2.4323	2.5624
"r_0180"	-2.4323	2.5624
"r_0181"	21.4303	4.2683
"r_0182"	-40.0298	5.1389
"r_0183"	-21.4303	4.2683
"r_0184"	-22.3857	4.4136
"r_0185"	-22.3857	4.4136
"r_0186"	-23.2889	4.4254
"r_0187"	-22.3857	4.4136
"r_0188"	-22.3857	4.4136
"r_0189"	-23.2889	4.4254
"r_0190"	-46.8025	11.4846
"r_0191"	-46.7672	8.6976
"r_0192"	-47.6704	8.6892
"r_0193"	-46.7672	8.6976
"r_0194"	-37.8815	8.5989
"r_0195"	-36.9783	8.6045
"r_0196"	-36.9783	8.6045
"r_0197"	-22.3857	4.4136
"r_0198"	-22.3857	4.4136
"r_0199"	-23.2889	4.4254
"r_0200"	-22.3857	4.4136
"r_0201"	-22.3857	4.4136
"r_0202"	-23.2889	4.4254
"r_0203"	-34.6551	8.8578
"r_0204"	-22.3857	4.4136
"r_0205"	-22.3857	4.4136
"r_0206"	-69.1432	9.5441
"r_0207"	95.787	70710.6786
"r_0208"	-68.604	12.8153
"r_0209"	-99.1965	18.1467
"r_0210"	-7.6997	7.0714
"r_0211"	-11.6582	1.559
"r_0212"	-11.6582	1.559
"r_0213"	-20.7411	5.6964
"r_0214"	12.675	2.0639
"r_0215"	0	0
"r_0216"	-14.5539	2.2852
"r_0217"	-9.7676	4.9161
"r_0218"	-97.6192	7.9015
"r_0219"	-51.5113	8.867
"r_0220"	-69.5733	3.7612
"r_0221"	-145.2637	7.9808
"r_0222"	13.9689	11.244
"r_0223"	-13.371	4.6852
"r_0224"	-42.0836	6.9612
"r_0225"	18.5604	6.2406
"r_0226"	1.2027	4.7433
"r_0229"	-30.5177	6.7797
"r_0232"	-20.7494	5.9999
"r_0233"	18.4496	4.2426
"r_0234"	58.5668	70710.6785
"r_0235"	2.8808	0.78661
"r_0236"	2.8808	0.78661
"r_0237"	2.8808	0.78661
"r_0238"	14.6631	4.8989
"r_0241"	-40.6198	8.5078
"r_0242"	-14.4783	70710.6785
"r_0243"	-27.8906	6.0251
"r_0244"	-51.0116	8.5291
"r_0249"	-26.6509	4.2655
"r_0250"	0	0
"r_0251"	-4.9074	6.1923
"r_0252"	-4.9074	6.1923
"r_0253"	-4.9074	6.1923
"r_0254"	-4.9074	6.1923
"r_0255"	-4.9074	6.1923
"r_0256"	-618.3937	143924.5838
"r_0257"	-24.4864	5.9542
"r_0258"	-35.9042	9.4273
"r_0259"	-395.0092	6.4859
"r_0260"	-395.9123	6.4925
"r_0261"	0	0
"r_0262"	-21.4126	6.7131
"r_0263"	-1.0385	4.629
"r_0264"	-1.0385	6.3435
"r_0265"	-395.9294	6.1461
"r_0266"	-437.6836	6.4145
"r_0267"	0	0
"r_0268"	-1331.5628	18.5184
"r_0269"	-425.0683	10.5088
"r_0270"	6.8018	7.5664
"r_0271"	-61.239	4.4966
"r_0276"	-73.7485	9.0597
"r_0277"	-16.6	9.3088
"r_0279"	-1.1357	2.1213
"r_0280"	-1.1357	2.1213
"r_0281"	-1.1357	2.1213
"r_0282"	-193.7702	9.7559
"r_0283"	-193.7702	9.7559
"r_0286"	-397.4435	6.1255
"r_0287"	-396.9458	6.1255
"r_0288"	-397.4435	6.1255
"r_0289"	-396.9458	6.1255
"r_0290"	-29.0763	100000.0001
"r_0291"	-19.6602	100000.0002
"r_0292"	-29.1933	100000.0001
"r_0293"	-19.7772	100000.0002
"r_0294"	-396.7793	6.1255
"r_0295"	-396.7793	6.1255
"r_0298"	-346.7485	100000.0006
"r_0299"	-18.1817	4.3066
"r_0300"	3.1778	5.9999
"r_0302"	199.0715	70710.6783
"r_0304"	-34.1785	4.6016
"r_0305"	-154.6618	6.3658
"r_0306"	-26.6786	3.905
"r_0307"	-2.4734	3.0615
"r_0308"	-2.4734	3.0615
"r_0309"	-73.8523	3.6427
"r_0310"	-73.8523	13.2388
"r_0311"	-73.8523	3.6427
"r_0312"	-73.8523	13.2388
"r_0313"	-73.8523	3.6427
"r_0314"	-73.8523	3.6427
"r_0315"	-73.8523	3.6427
"r_0316"	-73.8523	3.6427
"r_0317"	-73.8523	3.6427
"r_0318"	-73.8523	3.6427
"r_0319"	-73.8523	3.6427
"r_0320"	-73.8523	3.6427
"r_0321"	-73.8523	3.6427
"r_0322"	-73.8523	3.6427
"r_0323"	-73.8523	3.6427
"r_0324"	-73.8523	3.6427
"r_0325"	-73.8523	3.6427
"r_0326"	-73.8523	3.6427
"r_0327"	-73.8523	3.6427
"r_0328"	-34.9034	4.2896
"r_0329"	-34.9034	4.2896
"r_0330"	8.2538	1.6411
"r_0331"	8.2538	1.6411
"r_0332"	-9.6928	3.1602
"r_0333"	-356.364	13.4925
"r_0334"	-10.2599	1.937
"r_0335"	-14.6918	9.3031
"r_0336"	-6.491	10.1354
"r_0337"	1.6119	5.4441
"r_0338"	-27.0392	3.4325
"r_0339"	2.8818	9.0504
"r_0340"	-69.8781	7.7072
"r_0341"	-49.5597	8.6862
"r_0343"	-19.4702	6.4088
"r_0344"	-14.8997	5.8697
"r_0345"	-2.9521	4.2426
"r_0346"	2103.2581	100000.0001
"r_0347"	-1539.9382	106904.4983
"r_0348"	-1542.6478	106904.4983
"r_0349"	-27.9651	6.6575
"r_0350"	-135.9925	7.3269
"r_0351"	-27.6897	5.2551
"r_0352"	-26.7865	5.2655
"r_0353"	28.9485	1.6582
"r_0354"	11.8194	4.4746
"r_0355"	-12.8022	4.5176
"r_0356"	-46.4085	8.8725
"r_0357"	-18.9968	6.7731
"r_0358"	-17.6352	6.3751
"r_0359"	-15.2705	7.8339
"r_0360"	-0.65564	1.825
"r_0361"	-17.6005	6.3751
"r_0362"	0.36237	4.2426
"r_0363"	-110.5445	7.2012
"r_0364"	-31.6287	5.2849
"r_0365"	-12.8066	4.4844
"r_0366"	2.5655	3.6317
"r_0367"	3.244	5.9999
"r_0368"	3.244	5.9999
"r_0369"	-8.9622	14.4339
"r_0372"	-16.6122	4.7542
"r_0373"	-124.0875	6.695
"r_0374"	-119.8102	6.2973
"r_0375"	-26.6124	4.5355
"r_0376"	-26.6124	4.5355
"r_0377"	-16.9403	5.7619
"r_0378"	11.3074	2.2941
"r_0379"	-13.7383	1.4645
"r_0380"	-39.3813	5.1904
"r_0381"	-3.8444	4.8989
"r_0382"	-37.2519	2.9021
"r_0383"	-61.6002	3.7992
"r_0384"	-37.924	1.6872
"r_0385"	-37.9238	1.6872
"r_0386"	-14.2301	5.2783
"r_0387"	-71.4839	3.2155
"r_0388"	-37.6651	5.0765
"r_0389"	2.478	25.8346
"r_0390"	-29.1289	21.655
"r_0391"	72.9976	141421.3565
"r_0392"	-13.8078	5.4985
"r_0393"	223.1159	70710.6784
"r_0395"	-3.6937	4.2426
"r_0396"	-39.2414	5.1904
"r_0398"	-4.1156	0.44125
"r_0400"	-20.7124	5.9433
"r_0401"	-12.2281	6.6471
"r_0402"	0	0
"r_0405"	-73.8523	3.6427
"r_0407"	-644.7102	51.5518
"r_0408"	-511.1091	49.2194
"r_0409"	-726.7171	59.2026
"r_0410"	-593.116	56.867
"r_0415"	-251.6222	23.1017
"r_0416"	-246.0209	23.0169
"r_0417"	-68.5132	13.9963
"r_0418"	-68.5231	13.9963
"r_0419"	-68.5231	13.9963
"r_0420"	-464.4367	18.7546
"r_0421"	-60.9626	15.4137
"r_0422"	-464.4367	18.7546
"r_0423"	-76.0836	15.9783
"r_0424"	-471.9972	20.198
"r_0425"	-205.5692	41.9889
"r_0426"	-71.8395	14.2428
"r_0427"	-224.8047	38.2382
"r_0429"	-68.5231	13.9963
"r_0430"	-199.9679	41.9332
"r_0431"	-10.1611	1.937
"r_0432"	-10.1611	1.937
"r_0433"	-20.8364	7.6487
"r_0434"	-20.8364	7.6487
"r_0435"	-10.1598	1.937
"r_0436"	-10.1598	1.937
"r_0437"	-10.1611	1.937
"r_0438"	-16.2608	200000.0001
"r_0439"	-10.1611	1.937
"r_0440"	-10.1598	1.937
"r_0442"	-10.1512	1.937
"r_0443"	-10.1611	1.937
"r_0444"	-10.1611	1.937
"r_0464"	-68.5231	13.9963
"r_0465"	-68.5231	13.9963
"r_0466"	-71.6379	14.224
"r_0467"	-65.4082	14.1316
"r_0468"	81.0251	141421.3566
"r_0472"	-5.898	6.4603
"r_0473"	-5.898	6.4603
"r_0474"	-18.9996	6.0527
"r_0475"	-19.9028	6.0613
"r_0476"	-15.1632	5.4758
"r_0477"	-150.7468	9.0047
"r_0478"	-13.7716	4.7346
"r_0479"	-7.6789	2.8007
"r_0480"	-7.6789	2.8007
"r_0481"	-14.5173	4.6424
"r_0482"	-31.9548	3.4447
"r_0483"	-11.3123	1.0015
"r_0484"	19.1652	1.4134
"r_0485"	-18.8922	4.2426
"r_0486"	-18.8922	4.2426
"r_0487"	-55.9061	5.3672
"r_0488"	-47.7241	6.5725
"r_0489"	-49.7942	6.5725
"r_0490"	-49.7942	6.5725
"r_0491"	8.0503	2.6669
"r_0492"	-11.6815	4.9344
"r_0493"	-1.3276	4.8462
"r_0494"	-29.2477	7.4908
"r_0495"	-73.8523	3.6427
"r_0496"	-73.8523	3.6427
"r_0497"	0	0
"r_0498"	0	0
"r_0499"	-12.2334	5.0091
"r_0500"	5.4179	5.4315
"r_0501"	-8.0237	5.3261
"r_0502"	-8.0237	5.3261
"r_0504"	-2.8108	2.6616
"r_0505"	-2.8108	2.6616
"r_0506"	29.6833	2.7496
"r_0507"	-23.9414	6.5319
"r_0508"	40.8886	6.2065
"r_0509"	-41.7918	6.2166
"r_0510"	-49.0894	4.4392
"r_0511"	-9.9257	4.6487
"r_0512"	-9.0225	4.6371
"r_0513"	-8.2008	4.6669
"r_0514"	-51.062	3.3005
"r_0515"	-18.4502	6.2879
"r_0516"	-13.6187	3.248
"r_0520"	-18.2372	4.3916
"r_0521"	-18.2372	4.3916
"r_0522"	-309.1342	4.8544
"r_0523"	-309.1342	4.8544
"r_0524"	-21.6164	5.2868
"r_0525"	8.0041	4.5322
"r_0526"	25.1763	4.9991
"r_0527"	-16.0783	5.2009
"r_0528"	-10.5726	3.0115
"r_0529"	5.0516	4.4368
"r_0530"	-26.1213	4.3737
"r_0531"	-26.1213	4.3737
"r_0536"	-240.4077	70710.6784
"r_0537"	-41.8294	2.7075
"r_0538"	-24.6654	6.8661
"r_0539"	-6.8298	1.8002
"r_0540"	-6.8298	1.8002
"r_0541"	76.5207	70710.6786
"r_0542"	4.9758	4.4497
"r_0546"	-56.8311	70710.6785
"r_0548"	0	0
"r_0551"	-55.8032	100000.0005
"r_0552"	-1.7968	3.9247
"r_0561"	-98.6749	7.5831
"r_0562"	-69.7414	10.4362
"r_0563"	-47.5613	8.9078
"r_0564"	8.26	100000.0003
"r_0565"	-28.762	3.2097
"r_0566"	-20.6006	6.4668
"r_0567"	-3.1372	1.732
"r_0568"	-5.7852	2.5161
"r_0569"	-319.4254	141421.3563
"r_0570"	-169.3617	141421.3565
"r_0571"	-0.61669	100000.0004
"r_0572"	-14.9646	4.3286
"r_0573"	-12.2334	5.0091
"r_0574"	-17.0873	4.7158
"r_0575"	-13.9216	12.8467
"r_0576"	-14.0379	2.8251
"r_0577"	7.8897	4.2426
"r_0580"	51.8968	100000.0003
"r_0581"	2.7377	3.9068
"r_0582"	-30.3282	5.4854
"r_0583"	-30.3282	5.4854
"r_0584"	22.1539	100000.0004
"r_0585"	19.4039	5.5853
"r_0586"	-22.7083	4.9096
"r_0587"	-23.6115	4.9016
"r_0588"	-27.51	7.5923
"r_0589"	-16.6674	6.5189
"r_0593"	-31.5095	5.1514
"r_0594"	-31.5095	5.1514
"r_0595"	-73.7485	3.175
"r_0596"	-17.6627	4.7589
"r_0597"	-128.3288	18.7155
"r_0598"	6.2038	8.8151
"r_0599"	-18.9301	5.3825
"r_0600"	-18.9301	5.3825
"r_0601"	-12.9304	4.4844
"r_0602"	-16.3843	3.6284
"r_0603"	-26.4111	2.2826
"r_0604"	-8.2444	100000.0002
"r_0605"	-40.9323	2.6857
"r_0606"	22.3136	6.5891
"r_0607"	25.3233	6.2399
"r_0608"	-74.8832	8.8436
"r_0609"	5.1348	6.4386
"r_0610"	-16.0235	4.2516
"r_0611"	-16.0235	4.2516
"r_0612"	-30.521	4.5377
"r_0613"	-25.5668	4.5377
"r_0614"	-25.5704	4.5377
"r_0615"	-20.6093	4.5377
"r_0616"	-20.6129	4.5377
"r_0617"	0	0
"r_0619"	-20.4885	5.0339
"r_0620"	28.8296	8.6199
"r_0621"	0	0
"r_0622"	234.0279	70710.6782
"r_0623"	0	0
"r_0624"	235.1457	70710.6782
"r_0627"	-27.8064	4.9864
"r_0628"	-27.8064	4.9864
"r_0629"	6.9716	5.0986
"r_0630"	7.8748	5.1074
"r_0631"	7.8748	5.1074
"r_0632"	7.8748	5.1074
"r_0633"	10.5368	3.2334
"r_0634"	-6.378	4.8467
"r_0635"	-6.378	4.8467
"r_0638"	-4.9024	4.2426
"r_0639"	-5.5297	1.8816
"r_0640"	-20.4294	4.415
"r_0641"	-57.175	5.0127
"r_0642"	-437.265	6.3697
"r_0643"	-15.2575	6.3836
"r_0644"	22.59	6.0836
"r_0645"	-18.468	6.0871
"r_0646"	-37.8476	8.5989
"r_0647"	-0.20722	0.76875
"r_0648"	-6.4728	2.8831
"r_0649"	18.8282	4.415
"r_0650"	9.0681	5.7698
"r_0651"	8.165	5.7922
"r_0652"	-12.6711	6.3884
"r_0653"	-12.6711	6.3884
"r_0654"	-12.9166	2.2005
"r_0655"	-12.9166	2.2005
"r_0656"	-12.9166	2.2005
"r_0657"	13.6126	7.2827
"r_0658"	13.6126	7.2827
"r_0659"	27.7805	9.529
"r_0660"	28.6837	9.5344
"r_0661"	-27.7805	9.529
"r_0662"	-28.6837	9.5344
"r_0663"	-10.9988	5.1374
"r_0664"	-25.4273	4.6781
"r_0665"	25.8777	4.835
"r_0666"	14.3024	5.607
"r_0667"	-21.2363	7.3027
"r_0668"	-21.2363	7.3027
"r_0669"	-346.5119	7.598
"r_0670"	-80.1167	100000.0003
"r_0671"	-47.4703	8.9428
"r_0672"	-23.471	4.2426
"r_0673"	-1128.5936	320713.4909
"r_0674"	-1.1971	2.282
"r_0675"	-1.1971	2.282
"r_0678"	26.8707	3.2181
"r_0679"	26.8707	3.2181
"r_0680"	26.8685	3.2181
"r_0681"	26.8685	3.2181
"r_0682"	26.8685	3.2181
"r_0683"	26.8685	3.2181
"r_0688"	39.3984	7.5399
"r_0689"	39.3984	7.5399
"r_0690"	39.3984	7.5399
"r_0691"	-42.718	7.7746
"r_0692"	-42.718	7.7746
"r_0693"	22.1477	7.5206
"r_0694"	23.0509	7.5299
"r_0697"	-4.2905	5.9999
"r_0698"	-0.69456	1.6756
"r_0699"	-6.7499	4.4446
"r_0700"	-6.7499	4.4446
"r_0701"	-106.6389	100000.0002
"r_0702"	-6.8036	8.3908
"r_0706"	7.3808	1.6276
"r_0707"	8.2839	1.6498
"r_0708"	8.2839	1.6498
"r_0709"	-56.0397	2.598
"r_0710"	10.8081	3.82
"r_0711"	-14.3304	4.9885
"r_0712"	-14.9627	5.786
"r_0713"	-11.7271	5.3332
"r_0714"	-11.4572	5.3058
"r_0715"	-33.5558	5.5203
"r_0716"	-20.0782	4.415
"r_0717"	-20.0782	4.415
"r_0718"	-20.0782	4.415
"r_0719"	-20.0782	4.415
"r_0720"	-20.3881	4.415
"r_0721"	-20.3881	4.415
"r_0722"	-20.3881	4.415
"r_0725"	-19.8643	1.7111
"r_0726"	-32.1538	6.037
"r_0728"	-7.5408	4.6487
"r_0729"	-19.5356	6.6458
"r_0730"	-95.5353	7.627
"r_0731"	-25.1089	5.8899
"r_0732"	-19.5982	6.9964
"r_0733"	-120.4539	5.2982
"r_0734"	-37.8793	8.5989
"r_0735"	-36.3227	9.5231
"r_0736"	-12.0923	5.9999
"r_0737"	-12.0923	5.9999
"r_0738"	-33.7013	6.0423
"r_0739"	-33.7013	6.0423
"r_0740"	-18.7735	6.9975
"r_0741"	-18.7735	6.9975
"r_0742"	-136.9752	7.7331
"r_0743"	-11.1891	6.0196
"r_0744"	-11.1891	6.0196
"r_0746"	-14.5586	4.2655
"r_0747"	-14.5586	4.2655
"r_0748"	-2.0112	5.9999
"r_0749"	-2.0112	5.9999
"r_0756"	-5.5871	5.915
"r_0757"	-5.5871	5.915
"r_0758"	71.1651	100000.0002
"r_0759"	1.3346	5.9999
"r_0760"	1.3346	5.9999
"r_0761"	-20.0972	6.8725
"r_0762"	-20.0972	6.8725
"r_0763"	-26.0006	10.1233
"r_0764"	-26.0006	10.1233
"r_0765"	-10.016	6.4815
"r_0766"	-24.3607	4.2668
"r_0767"	-27.0133	6.0161
"r_0768"	-23.5137	4.6037
"r_0769"	-23.5137	4.6037
"r_0770"	-21.0455	6.27
"r_0771"	0.63223	3.5529
"r_0772"	2.648	1.825
"r_0773"	-2102.6567	100000.0001
"r_0774"	1.8633	3.0745
"r_0775"	3.0915	3.5482
"r_0776"	2.0985	1.4892
"r_0777"	-2.6033	1.9284
"r_0778"	4.0025	2.1104
"r_0779"	-2.8732	1.8275
"r_0780"	-28.5143	5.235
"r_0781"	-24.0476	4.6733
"r_0782"	-57.3108	5.4968
"r_0783"	-68.9365	8.0329
"r_0785"	13.8805	2.2005
"r_0786"	-56.6124	8.7706
"r_0787"	-59.4941	8.1107
"r_0789"	-6.8799	6.3249
"r_0790"	-20.998	6.0871
"r_0791"	-16.5631	6.3249
"r_0792"	-3.7519	2.2574
"r_0793"	-8.2967	1.8973
"r_0794"	-13.2242	12.2965
"r_0804"	-4.5147	3.8431
"r_0805"	-28.3888	6.5657
"r_0810"	-392.7975	6.8337
"r_0814"	-19.7683	7.7827
"r_0815"	-19.7683	7.7827
"r_0816"	-5.6706	7.1441
"r_0817"	-41.9016	4.6574
"r_0818"	-24.8269	4.6518
"r_0819"	-24.8269	4.6518
"r_0820"	-24.8269	4.6518
"r_0821"	-14.1516	8.7368
"r_0822"	-24.8269	4.6518
"r_0823"	-24.8269	4.6518
"r_0824"	-24.8368	4.6518
"r_0825"	-0.47156	3
"r_0828"	-30.5125	8.5625
"r_0855"	6.9667	2.762
"r_0857"	10.2024	4.535
"r_0858"	1.0159	5.9999
"r_0859"	-15.3387	4.3536
"r_0860"	-17.4226	4.4844
"r_0861"	-2.1182	2.7775
"r_0862"	10.8451	4.6205
"r_0863"	-2.7544	2.4495
"r_0864"	34.2398	4.3204
"r_0865"	18.4822	0.63865
"r_0866"	-4.1914	0.52225
"r_0875"	-4.34	2.1672
"r_0876"	-4.2153	2.1697
"r_0877"	-2.445	3
"r_0878"	-46.9983	7.79
"r_0879"	-16.2545	6.0871
"r_0880"	-13.2211	2.4843
"r_0881"	-2449.0162	141421.3564
"r_0883"	-2.8495	7.5063
"r_0884"	23.3041	70710.6791
"r_0885"	9.2053	4.2426
"r_0886"	-51.5994	6.5706
"r_0887"	-5.2475	1.3317
"r_0888"	18.5193	70710.6784
"r_0889"	-7.8809	7.0469
"r_0890"	-19.5144	5.0691
"r_0891"	1.7522	4.947
"r_0892"	-10.4313	0.40054
"r_0893"	-11.5207	0.54434
"r_0894"	1.3628	2.4791
"r_0895"	-397.3264	6.1255
"r_0902"	-105.4948	6.3489
"r_0908"	-105.4278	6.1937
"r_0909"	-104.2252	6.3489
"r_0910"	-103.0151	6.3489
"r_0911"	-128.4926	11.8335
"r_0912"	-70.2154	10.9793
"r_0913"	-69.3122	10.9854
"r_0914"	50.5892	9.4992
"r_0916"	-1374.0117	824621.1279
"r_0917"	-17.2337	5.9999
"r_0918"	8.6218	1.9182
"r_0919"	8.6218	1.9182
"r_0920"	10.7853	4.8989
"r_0921"	14.1005	5.001
"r_0922"	9.7905	2.4495
"r_0923"	11.2933	3
"r_0924"	11.2933	3
"r_0925"	9.0544	1.544
"r_0926"	10.9693	4.2426
"r_0927"	-16.4203	4.9447
"r_0929"	-97.8871	7.627
"r_0930"	-10.2667	5.5766
"r_0931"	-110.9594	6.0699
"r_0932"	-10.9801	5.1497
"r_0933"	-105.5192	6.763
"r_0934"	-13.7144	1.4645
"r_0935"	4.1814	1.8973
"r_0936"	-51.4924	9.4867
"r_0937"	-4.4928	4.3711
"r_0938"	-18.1214	6.3636
"r_0939"	-28.4967	6.6722
"r_0940"	-35.553	4.6643
"r_0941"	-27.4531	4.2867
"r_0942"	-240.9195	70710.6784
"r_0943"	-172.9754	6.4062
"r_0944"	-469.7354	6.6596
"r_0946"	5.1674	4.9609
"r_0947"	5.1674	4.9609
"r_0948"	-132.3977	6.8518
"r_0949"	-63.6819	5.9533
"r_0950"	-26.782	4.9619
"r_0963"	3.6811	1.9263
"r_0964"	-33.1812	7.8089
"r_0965"	-3.5566	1.6695
"r_0966"	-9.5526	100000.0002
"r_0967"	6.4579	100000.0004
"r_0968"	-27.5032	5.4387
"r_0969"	37.8422	5.9999
"r_0970"	-30.4578	5.8895
"r_0971"	12.2736	3.6259
"r_0972"	15.658	5.3906
"r_0974"	-6.7767	4.2426
"r_0976"	-45.5866	5.3892
"r_0977"	-3.5204	4.6927
"r_0978"	-66.9196	141421.3563
"r_0979"	81.0247	141421.3569
"r_0980"	-47.7241	6.5725
"r_0981"	-17.8223	4.7542
"r_0982"	37.3189	100000.0003
"r_0983"	36.1091	100000.0003
"r_0984"	1.359	2.4791
"r_0985"	-16.0222	1.4645
"r_0986"	-16.0081	1.4645
"r_0987"	-10.6287	4.4844
"r_0988"	-10.6428	4.4844
"r_0989"	-5.0512	3.3742
"r_0990"	-5.0512	3.3742
"r_0991"	-417.6656	7.0134
"r_0992"	-418.5688	7.0202
"r_0993"	-160.7119	6.9993
"r_0994"	-395.9123	6.4925
"r_1001"	-68.1814	8.1464
"r_1002"	-115.9055	7.6919
"r_1003"	-2.0203	1.9297
"r_1004"	-33.8343	9.1056
"r_1005"	-24.8093	1.8465
"r_1006"	47.424	4.5608
"r_1007"	58.0513	4.5771
"r_1008"	127.8264	22.294
"r_1010"	-190.4236	70710.6788
"r_1011"	36.3504	6.9083
"r_1012"	-22.0997	5.5444
"r_1013"	-43.6898	5.1411
"r_1014"	-20.5516	2.9879
"r_1015"	-20.5516	2.9879
"r_1016"	-3.5679	6.051
"r_1017"	-7.3218	5.1265
"r_1018"	3.5168	1.4892
"r_1019"	-5.0013	5.9999
"r_1020"	-3.5126	2.1697
"r_1021"	-267.7002	100000.0006
"r_1022"	-267.8246	100000.0006
"r_1026"	10.075	3.2462
"r_1027"	-31.3295	3.7318
"r_1030"	-15.6837	5.7903
"r_1031"	3.6109	6.4806
"r_1032"	-39.6784	3.9099
"r_1033"	69.988	100000.0002
"r_1034"	-73.8523	3.6427
"r_1035"	-8.9755	3.7845
"r_1036"	5.8012	2.4984
"r_1037"	-10.7666	3.075
"r_1038"	-7.4028	3.1999
"r_1041"	4.783	1.4119
"r_1042"	-31.0579	4.8112
"r_1043"	-34.906	5.9761
"r_1050"	-0.020593	3
"r_1051"	-0.020593	3
"r_1052"	-0.020593	3
"r_1055"	-12.7096	5.0644
"r_1056"	-1.8326	5.8097
"r_1057"	2.9482	1.2041
"r_1058"	-2.4224	2.206
"r_1059"	-5.6055	4.6194
"r_1060"	-5.6055	4.6194
"r_1061"	-13.0834	5.941
"r_1062"	54.9335	7.7905
"r_1063"	-109.4818	70710.6795
"r_1064"	-12.0339	7.0407
"r_1065"	-9.4305	7.293
"r_1066"	-0.13543	1.5071
"r_1067"	-0.13543	1.5071
"r_1068"	-36.8593	24.3701
"r_1069"	2153.5597	458257.5707
"r_1070"	-217.5792	400000.0014
"r_1071"	-44.8232	10.1614
"r_1072"	1.0948	4.3168
"r_1073"	1.9988	4.8058
"r_1074"	1.9988	4.8058
"r_1077"	-239.1166	100000.0001
"r_1078"	-239.1166	100000.0001
"r_1079"	-24.4077	3.247
"r_1080"	19.8641	4.4613
"r_1081"	-17.0597	4.5164
"r_1082"	-23.7199	5.1569
"r_1083"	-32.2213	2.9714
"r_1721"	0	0
"r_1722"	0	0
"r_1723"	0	0
"r_1724"	0	0
"r_1725"	0	0
"r_1726"	0	0
"r_1727"	0	0
"r_1728"	0	0
"r_1729"	0	0
"r_1811"	0	0
"r_1815"	0	0
"r_1862"	0	0
"r_1863"	0	0
